<?xml version="1.0" encoding="UTF-8"?>
<project xmlns="http://maven.apache.org/POM/4.0.0" xmlns:xsi="http://www.w3.org/2001/XMLSchema-instance" xsi:schemaLocation="http://maven.apache.org/POM/4.0.0 http://maven.apache.org/maven-v4_0_0.xsd">
  <modelVersion>4.0.0</modelVersion>
  <groupId>io.github.huynhphap100</groupId>
  <artifactId>Tools</artifactId>
  <version>1.3.1a</version>
  <description>The lib Phap Purple</description>
  <url>https://github.com/huynhphap100/o5t3msvotm</url>
  <developers>
    <developer>
      <name>PhapPurple</name>
      <email>sitonai.p@gmail.com</email>
      <roles>
        <role>developer</role>
      </roles>
      <timezone>+7</timezone>
    </developer>
  </developers>
  <licenses>
    <license>
      <name>Apache License 2.0</name>
      <url>https://www.apache.org/licenses/LICENSE-2.0.html</url>
    </license>
  </licenses>
  <scm>
    <url>https://github.com/huynhphap100/o5t3msvotm</url>
  </scm>
  <build>
    <resources>
      <resource>
        <filtering>true</filtering>
        <directory>src/main/resources</directory>
      </resource>
    </resources>
    <plugins>
      <plugin>
        <artifactId>maven-compiler-plugin</artifactId>
        <version>3.8.1</version>
        <configuration>
          <source>${java.version}</source>
          <target>${java.version}</target>
        </configuration>
      </plugin>
      <plugin>
        <artifactId>maven-shade-plugin</artifactId>
        <version>3.2.4</version>
        <executions>
          <execution>
            <phase>package</phase>
            <goals>
              <goal>shade</goal>
            </goals>
          </execution>
        </executions>
      </plugin>
      <plugin>
        <artifactId>maven-source-plugin</artifactId>
        <version>3.2.1</version>
        <executions>
          <execution>
            <id>attach-sources</id>
            <goals>
              <goal>jar</goal>
            </goals>
          </execution>
        </executions>
      </plugin>
      <plugin>
        <artifactId>maven-javadoc-plugin</artifactId>
        <version>3.3.0</version>
        <executions>
          <execution>
            <id>attach-javadocs</id>
            <phase>package</phase>
            <goals>
              <goal>jar</goal>
            </goals>
          </execution>
        </executions>
        <configuration />
      </plugin>
      <plugin>
        <artifactId>maven-gpg-plugin</artifactId>
        <version>1.6</version>
        <executions>
          <execution>
            <id>sign-artifacts</id>
            <phase>verify</phase>
            <goals>
              <goal>sign</goal>
            </goals>
          </execution>
        </executions>
        <configuration>
          <keyname>897918F4A9BD817B104BEF7C69F52CA229446B97</keyname>
        </configuration>
      </plugin>
      <plugin>
        <groupId>org.sonatype.central</groupId>
        <artifactId>central-publishing-maven-plugin</artifactId>
        <version>0.4.0</version>
        <extensions>true</extensions>
        <configuration>
          <publishingServerId>central</publishingServerId>
          <tokenAuth>true</tokenAuth>
        </configuration>
      </plugin>
    </plugins>
  </build>
  <repositories>
    <repository>
      <id>spigotmc-repo</id>
      <url>https://hub.spigotmc.org/nexus/content/repositories/snapshots/</url>
    </repository>
    <repository>
      <id>sonatype</id>
      <url>https://oss.sonatype.org/content/groups/public/</url>
    </repository>
    <repository>
      <id>jitpack.io</id>
      <url>https://jitpack.io</url>
    </repository>
    <repository>
      <id>central</id>
      <url>https://repo.maven.apache.org/maven2</url>
    </repository>
  </repositories>
  <dependencies>
    <dependency>
      <groupId>org.spigotmc</groupId>
      <artifactId>spigot-api</artifactId>
      <version>1.19-R0.1-SNAPSHOT</version>
      <scope>provided</scope>
    </dependency>
    <dependency>
      <groupId>com.github.MilkBowl</groupId>
      <artifactId>VaultAPI</artifactId>
      <version>1.7</version>
      <scope>provided</scope>
    </dependency>
  </dependencies>
  <distributionManagement>
    <repository>
      <id>ossrh</id>
      <url>https://s01.oss.sonatype.org/service/local/staging/deploy/maven2/</url>
    </repository>
    <snapshotRepository>
      <id>ossrh</id>
      <url>https://s01.oss.sonatype.org/content/repositories/snapshots</url>
    </snapshotRepository>
  </distributionManagement>
  <properties>
    <java.version>1.8</java.version>
    <project.build.sourceEncoding>UTF-8</project.build.sourceEncoding>
  </properties>
</project>
